[
  {
    "id": 1,
    "name": "BP5A Donation Center",
    "address": "Secunderabad Railway Station, Secunderabad, Telangana, India",
    "phone": "08012345678",
    "timings": "12:30 PM - 01:40 PM",
    "zipcode": "500025",
    "distance_km": "1.0",
    "latitude": 17.4399,
    "longitude": 78.4983
  },
  {
    "id": 2,
    "name": "Apollo Blood Bank",
    "address": "Apollo Hospitals, Road No. 72, Jubilee Hills, Hyderabad, Telangana, India",
    "phone": "04023542345",
    "timings": "09:00 AM - 05:00 PM",
    "zipcode": "500034",
    "distance_km": "2.0",
    "latitude": 17.4339,
    "longitude": 78.4409
  },
  {
    "id": 3,
    "name": "NIMS Blood Donation Unit",
    "address": "Punjagutta Road, Punjagutta, Hyderabad, Telangana, India",
    "phone": "04023420300",
    "timings": "10:00 AM - 04:00 PM",
    "zipcode": "500082",
    "distance_km": "1.5",
    "latitude": 17.4220,
    "longitude": 78.4483
  },
  {
    "id": 4,
    "name": "Red Cross Blood Center",
    "address": "Vidyanagar, Hyderabad, Telangana, India",
    "phone": "04027630073",
    "timings": "09:00 AM - 06:00 PM",
    "zipcode": "500044",
    "distance_km": "2.5",
    "latitude": 17.4136,
    "longitude": 78.5205
  },
  {
    "id": 5,
    "name": "Gandhi Hospital Blood Center",
    "address": "Musheerabad, Secunderabad, Telangana, India",
    "phone": "04027505566",
    "timings": "10:00 AM - 06:00 PM",
    "zipcode": "500020",
    "distance_km": "3.0",
    "latitude": 17.4230,
    "longitude": 78.5017
  },
  {
    "id": 6,
    "name": "Esi Hospital Blood Bank",
    "address": "Erragadda, Hyderabad, Telangana, India",
    "phone": "04023810000",
    "timings": "09:00 AM - 05:30 PM",
    "zipcode": "500018",
    "distance_km": "3.5",
    "latitude": 17.4426,
    "longitude": 78.4345
  },
  {
    "id": 7,
    "name": "Omni Hospitals",
    "address": "Balajinagar, Kukatpally, Telangana, India",
    "phone": "1257896341",
    "timings": "10:00 AM - 04:00 PM",
    "zipcode": "500072",
    "distance_km": "2.6",
    "latitude": 17.4853,
    "longitude": 78.4109
  },
  {
    "id": 8,
    "name": "Gandhi Hospital",
    "address": "Bhoiguda Road, Padmarao Nagar, Secunderabad, Telangana, India",
    "phone": "457802569841",
    "timings": "2:30 PM - 04:00 PM",
    "zipcode": "500003",
    "distance_km": "50",
    "latitude": 17.4233,
    "longitude": 78.5041
  },
  {
    "id": 9,
    "name": "Government Hospital",
    "address": "Indira Nagar, Padmarao Nagar, Secunderabad, Telangana, India",
    "phone": "08012345678",
    "timings": "03:30 PM - 05:00 PM",
    "zipcode": "500061",
    "distance_km": "4.0",
    "latitude": 17.4399,
    "longitude": 78.4983
  },
  {
  "id": 10,
  "name": "Deccan Blood Centre",
  "address": "King Koti, Hyderabad, Telangana",
  "phone": "04023211897",
  "timings": "09:00 AM - 06:00 PM",
  "zipcode": "500001",
  "distance_km": "5.2",
  "latitude": 17.3910,
  "longitude": 78.4809
},
{
  "id": 11,
  "name": "Yashoda Hospital Blood Bank",
  "address": "Somajiguda, Hyderabad, Telangana",
  "phone": "04023317890",
  "timings": "08:00 AM - 08:00 PM",
  "zipcode": "500082",
  "distance_km": "4.5",
  "latitude": 17.4233,
  "longitude": 78.4635
},
{
  "id": 12,
  "name": "Medicover Blood Centre",
  "address": "Hi-Tech City, Madhapur, Hyderabad",
  "phone": "04067853400",
  "timings": "09:00 AM - 05:00 PM",
  "zipcode": "500081",
  "distance_km": "8.1",
  "latitude": 17.4483,
  "longitude": 78.3908
},
{
  "id": 13,
  "name": "Nampally Blood Bank",
  "address": "Nampally, Hyderabad, Telangana",
  "phone": "04024615234",
  "timings": "10:00 AM - 04:00 PM",
  "zipcode": "500001",
  "distance_km": "3.9",
  "latitude": 17.3923,
  "longitude": 78.4672
},
{
  "id": 14,
  "name": "Virinchi Hospital Blood Centre",
  "address": "Banjara Hills Road No. 1, Hyderabad",
  "phone": "04046985000",
  "timings": "24 Hours",
  "zipcode": "500034",
  "distance_km": "5.7",
  "latitude": 17.4154,
  "longitude": 78.4350
},
{
  "id": 15,
  "name": "Osmania General Hospital Blood Bank",
  "address": "Afzalgunj, Hyderabad, Telangana",
  "phone": "04024600143",
  "timings": "09:00 AM - 06:00 PM",
  "zipcode": "500012",
  "distance_km": "7.4",
  "latitude": 17.3783,
  "longitude": 78.4805
},
{
  "id": 16,
  "name": "LV Prasad Eye Institute Blood Unit",
  "address": "Banjara Hills, Hyderabad",
  "phone": "04030612626",
  "timings": "10:00 AM - 05:00 PM",
  "zipcode": "500034",
  "distance_km": "5.8",
  "latitude": 17.4149,
  "longitude": 78.4489
},
{
  "id": 17,
  "name": "CARE Hospital Blood Centre",
  "address": "Nampally, Hyderabad, Telangana",
  "phone": "04023247638",
  "timings": "09:00 AM - 05:30 PM",
  "zipcode": "500001",
  "distance_km": "4.3",
  "latitude": 17.3928,
  "longitude": 78.4628
},
{
  "id": 18,
  "name": "Global Hospital Blood Bank",
  "address": "Lakdikapul, Hyderabad, Telangana",
  "phone": "04023247890",
  "timings": "24 Hours",
  "zipcode": "500004",
  "distance_km": "3.6",
  "latitude": 17.4062,
  "longitude": 78.4655
},
{
  "id": 19,
  "name": "Amrutha Blood Centre",
  "address": "Erramanzil Colony, Hyderabad",
  "phone": "04023427533",
  "timings": "09:00 AM - 05:00 PM",
  "zipcode": "500082",
  "distance_km": "4.1",
  "latitude": 17.4205,
  "longitude": 78.4500
},
{
  "id": 20,
  "name": "Prime Blood Bank",
  "address": "Kukatpally Housing Board, Hyderabad",
  "phone": "04023156784",
  "timings": "10:00 AM - 04:00 PM",
  "zipcode": "500072",
  "distance_km": "9.4",
  "latitude": 17.4930,
  "longitude": 78.4000
},
{
  "id": 21,
  "name": "Sunshine Hospital Blood Centre",
  "address": "Gachibowli, Hyderabad",
  "phone": "04067885544",
  "timings": "24 Hours",
  "zipcode": "500032",
  "distance_km": "10.2",
  "latitude": 17.4438,
  "longitude": 78.3521
},
{
  "id": 22,
  "name": "Citizens Hospital Blood Centre",
  "address": "Lingampally, Hyderabad",
  "phone": "04033121500",
  "timings": "09:00 AM - 06:00 PM",
  "zipcode": "500019",
  "distance_km": "13.0",
  "latitude": 17.4878,
  "longitude": 78.3076
},
{
  "id": 23,
  "name": "Rainbow Children's Hospital Blood Unit",
  "address": "Banjara Hills, Hyderabad",
  "phone": "04023416888",
  "timings": "09:00 AM - 05:00 PM",
  "zipcode": "500034",
  "distance_km": "5.9",
  "latitude": 17.4120,
  "longitude": 78.4352
},
{
  "id": 24,
  "name": "KIMS Hospital Blood Bank",
  "address": "Kondapur, Hyderabad",
  "phone": "04023434950",
  "timings": "24 Hours",
  "zipcode": "500084",
  "distance_km": "11.1",
  "latitude": 17.4580,
  "longitude": 78.3655
},
{
  "id": 25,
  "name": "Mahavir Hospital Blood Centre",
  "address": "Masab Tank, Hyderabad",
  "phone": "04023307111",
  "timings": "10:00 AM - 06:00 PM",
  "zipcode": "500028",
  "distance_km": "4.4",
  "latitude": 17.3991,
  "longitude": 78.4452
},
{
  "id": 26,
  "name": "Care Institute Blood Bank",
  "address": "Banjara Hills Road No. 10, Hyderabad",
  "phone": "04023397521",
  "timings": "09:00 AM - 05:30 PM",
  "zipcode": "500034",
  "distance_km": "6.2",
  "latitude": 17.4131,
  "longitude": 78.4248
},
{
  "id": 27,
  "name": "Narayana Health Blood Centre",
  "address": "Financial District, Hyderabad",
  "phone": "04023666678",
  "timings": "24 Hours",
  "zipcode": "500032",
  "distance_km": "12.5",
  "latitude": 17.4245,
  "longitude": 78.3398
},
{
  "id": 28,
  "name": "Continental Hospital Blood Centre",
  "address": "Gachibowli, Hyderabad",
  "phone": "04023551222",
  "timings": "24 Hours",
  "zipcode": "500032",
  "distance_km": "9.9",
  "latitude": 17.4355,
  "longitude": 78.3510
},
{
  "id": 29,
  "name": "Srikara Hospital Blood Bank",
  "address": "ECIL, Hyderabad",
  "phone": "04040167890",
  "timings": "11:00 AM - 05:00 PM",
  "zipcode": "500062",
  "distance_km": "15.6",
  "latitude": 17.4793,
  "longitude": 78.5807
}
]
